person,dateofbirth,gender,dateofdx,case_ctrl,matched_person
03-009-GMA,2019-05-13,F,2023-01-04,CASE,3-033-GMA
03-017-GMA,2020-11-12,F,2022-10-28,CASE,1-016-GMA
03-019-GMA,2021-05-28,F,2023-02-02,CASE,2-018-GMA
03-022-GMA,2021-07-13,M,2022-12-29,CASE,3-094-GMA
03-023-GMA,2021-07-26,M,2023-02-23,CASE,2-028-GMA
03-025-GMA,2021-09-20,M,2023-03-20,CASE,3-087-GMA
03-030-GMA,2021-07-07,F,2023-03-31,CASE,1-008-GMA
03-034-GMA,2022-02-28,F,2023-08-04,CASE,3-059-GMA
03-037-GMA,2020-10-05,F,2022-10-28,CASE,3-124-GMA
03-041-GMA,2021-02-09,F,2023-01-13,CASE,3-108-GMA
03-043-GMA,2020-10-18,M,2022-10-14,CASE,3-101-GMA
03-046-GMA,2020-11-04,F,2022-10-14,CASE,3-027-GMA
03-050-GMA,2021-05-23,M,2023-02-03,CASE,3-097-GMA
03-052-GMA,2021-04-13,F,2022-11-11,CASE,2-025-GMA
03-053-GMA,2021-05-10,M,2023-09-01,CASE,1-014-GMA
03-054-GMA,2021-04-15,F,2023-06-06,CASE,1-003-GMA
03-057-GMA,2021-02-25,M,2023-03-20,CASE,3-045-GMA
03-058-GMA,2021-07-16,M,2023-07-07,CASE,3-064-GMA
03-060-GMA,2021-04-20,M,2022-12-28,CASE,3-080-GMA
03-063-GMA,2021-02-06,M,2024-03-15,CASE,2-029-GMA
03-065-GMA,2020-12-08,M,2022-10-14,CASE,3-084-GMA
03-067-GMA,2021-06-01,F,2023-02-21,CASE,2-030-GMA
03-068-GMA,2021-06-30,M,2023-02-21,CASE,2-020-GMA
03-073-GMA,2021-11-23,M,2023-06-06,CASE,3-083-GMA
03-074-GMA,2021-05-06,F,2023-06-16,CASE,1-004-GMA
03-090-GMA,2022-01-01,M,2023-07-07,CASE,3-098-GMA
03-091-GMA,2021-07-27,M,2023-03-20,CASE,3-056-GMA
03-092-GMA,2022-02-10,F,2023-08-18,CASE,2-022-GMA
03-095-GMA,2021-11-14,M,2023-05-12,CASE,1-013-GMA
03-103-GMA,2021-10-20,M,2023-05-12,CASE,3-049-GMA
03-105-GMA,2021-08-19,F,2023-03-31,CASE,1-011-GMA
03-106-GMA,2022-01-21,F,2023-08-04,CASE,1-015-GMA
03-109-GMA,2022-03-02,F,2023-09-01,CASE,3-119-GMA
03-110-GMA,2021-11-01,M,2023-03-31,CASE,2-024-GMA
03-111-GMA,2021-12-15,F,2023-06-16,CASE,2-033-GMA
03-121-GMA,2021-11-02,M,2023-05-26,CASE,3-120-GMA
03-048-GMA,2021-09-09,M,2023-09-15,CASE,2-021-GMA
03-077-GMA,2021-09-01,M,2023-09-01,CASE,3-079-GMA
02-019-GMA,2021-10-03,F,2023-11-10,CASE,2-016-GMA
02-023-GMA,2022-05-20,M,2023-11-21,CASE,2-031-GMA
01-006-GMA,2020-04-20,M,2022-10-30,CASE,1-005-GMA
03-010-GMA,2019-04-26,M,2023-01-04,CASE,3-008-GMA
03-020-GMA,2020-12-31,F,2022-10-14,CASE,3-039-GMA
03-024-GMA,2021-07-22,F,2023-07-21,CASE,3-040-GMA
03-088-GMA,2021-08-27,F,2023-12-08,CASE,3-031-GMA
03-096-GMA,2021-12-30,M,2023-12-27,CASE,3-118-GMA
03-100-GMA,2022-02-14,M,2024-02-29,CASE,2-050-GMA
03-014-GMA,2018-12-05,M,2021-03-22,CASE,3-133-GMA
03-076-GMA,2022-09-27,M,2024-09-27,CASE,1-034-GMA
03-013-GMA,2019-03-23,M,2022-03-14,CASE,2-006-GMA
03-002-GMA,2018-12-14,F,2023-12-15,CASE,2-003-GMA
03-138-GMA,2022-10-15,M,2024-10-18,CASE,3-128-GMA
03-139-GMA,2022-10-27,M,2024-07-24,CASE,3-171-GMA
03-137-GMA,2023-01-13,M,2024-09-05,CASE,2-035-GMA
03-150-GMA,2023-05-26,F,2024-12-02,CASE,3-144-GMA
03-112-GMA,2022-11-20,F,2024-11-22,CASE,2-054-GMA
03-115-GMA,2022-09-29,F,2024-11-23,CASE,1-017-GMA
03-047-GMA,2020-09-23,F,2025-02-26,CASE,3-151-GMA
03-168-GMA,2023-04-06,M,2025-02-14,CASE,2-047-GMA
03-143-GMA,2023-04-20,M,2025-03-26,CASE,2-049-GMA
03-042-GMA,2022-01-19,M,2025-03-26,CASE,2-037-GMA
03-123-GMA,2023-02-27,M,2025-03-28,CASE,3-122-GMA
03-141-GMA,2023-02-10,F,2025-04-16,CASE,3-131-GMA 
01-032-GMA,2022-11-22,F,2025-03-03,CASE,3-117-GMA
03-170-GMA,2023-10-13,F,2025-10-31,CASE,3-162-GMA
03-159-GMA,2023-09-30,M,2025-11-14,CASE,3-178-GMA
03-196-GMA,2024-03-01,F,2025-11-14,CASE,3-184-GMA
03-183-GMA,2023-12-10,F,2025-02-12,CASE,3-188-GMA
01-003-GMA,23/October/2019,F,,CTRL,3-054-GMA
01-004-GMA,29/January/2020,F,,CTRL,3-074-GMA
01-008-GMA,13/August/2020,F,,CTRL,3-030-GMA
01-011-GMA,08/May/2020,F,,CTRL,3-105-GMA
01-013-GMA,04/October/2020,M,,CTRL,3-095-GMA
01-014-GMA,16-04-2021,M,,CTRL,3-053-GMA
01-015-GMA,11/August/2021,F,,CTRL,3-106-GMA
01-016-GMA,08/June/2021,F,,CTRL,3-017-GMA
01-005-GMA,09/August/2019,M,,CTRL,1-006-GMA
01-034-GMA,22/December/2022,M,,CTRL,3-076-GMA
01-017-GMA,2/December/2021,F,,CTRL,3-115-GMA
03-027-GMA,12th July 2021,F,,CTRL,3-046-GMA
03-033-GMA,28th January 2021,F,,CTRL,3-009-GMA
03-056-GMA,26th March 2021,M,,CTRL,3-091-GMA
03-059-GMA,20th July 2021,F,,CTRL,3-034-GMA
03-064-GMA,19th May 2021,M,,CTRL,3-058-GMA
03-080-GMA,7th July 2021,M,,CTRL,3-060-GMA
03-083-GMA,24th November 2021,M,,CTRL,3-073-GMA
03-087-GMA,6th October 2021,M,,CTRL,3-025-GMA
03-097-GMA,27th November 2021,M,,CTRL,3-050-GMA
03-098-GMA,9th December 2021,M,,CTRL,3-090-GMA
03-108-GMA,3rd February 2022,F,,CTRL,3-041-GMA
03-120-GMA,2nd November 2021,M,,CTRL,3-121-GMA
03-008-GMA,3rd January 2019,M,,CTRL,3-010-GMA
03-039-GMA,1st November 2020,F,,CTRL,3-020-GMA
03-031-GMA,7th August 2021,F,,CTRL,3-088-GMA
03-040-GMA,1st April 2022,F,,CTRL,3-024-GMA
03-045-GMA,18th April 2021,M,,CTRL,3-057-GMA
03-084-GMA,30th December 2021,M,,CTRL,3-065-GMA
03-118-GMA,14th January 2022,M,,CTRL,3-096-GMA
03-094-GMA,16th March 2022,M,,CTRL,3-022-GMA
03-049-GMA,11th September 2021,M,,CTRL,3-103-GMA
03-079-GMA,4th April 2022,M,,CTRL,3-077-GMA
03-119-GMA,6th August 2022,F,,CTRL,3-109-GMA
03-101-GMA,7th August 2022,M,,CTRL,3-043-GMA
03-128-GMA,20th August 2022,M,,CTRL,3-138-GMA
03-144-GMA,16th December 2022,F,,CTRL,3-150-GMA
03-124-GMA,9th July 2022,F,,CTRL,3-037-GMA
03-133-GMA,13th october 2022,M,,CTRL,3-014-GMA
03-151-GMA,13th April 2023,F,,CTRL,3-047-GMA
03-122-GMA,7th May 2023,M,,CTRL,3-123-GMA
03-131-GMA ,7th March 2023,F,,CTRL,3-141-GMA
03-117-GMA,3rd January 2023,F,,CTRL,1-032-GMA
03-162-GMA,23rd August 2023,F,,CTRL,3-170-GMA
03-178-GMA,2nd August 2023,M,,CTRL,3-159-GMA
03-184-GMA,3rd February 2024,F,,CTRL,3-196-GMA
03-188-GMA,3rd December 2025,F,,CTRL,3-183-GMA
02-018-GMA,07/May/2021,F,,CTRL,3-019-GMA
02-020-GMA,31/August/2021,M,,CTRL,3-068-GMA
02-021-GMA,10/August/2021,M,,CTRL,3-048-GMA
02-022-GMA,2022-04-29,F,,CTRL,3-092-GMA
02-024-GMA,27/June/2022,M,,CTRL,3-110-GMA
02-025-GMA,06/November/2021,F,,CTRL,3-052-GMA
02-028-GMA,05/January/2022,M,,CTRL,3-023-GMA
02-030-GMA,26/June/2022,F,,CTRL,3-067-GMA
02-033-GMA,2022-04-11,F,,CTRL,3-111-GMA
02-016-GMA,09/December/2020,F,,CTRL,2-019-GMA
02-031-GMA,19/December/2022,M,,CTRL,2-023-GMA
02-006-GMA,30/June/2020,M,,CTRL,3-013-GMA
02-003-GMA,16/December/2019,F,,CTRL,3-002-GMA
02-035-GMA,01/March/2023,M,,CTRL,3-137-GMA
02-037-GMA,2022-04-24,M,,CTRL,3-042-GMA
02-054-GMA,28/August/2023,F,,CTRL,3-112-GMA
02-029-GMA,20/September/2021,M,,CTRL,3-063-GMA
02-047-GMA,12/December/2023,M,,CTRL,3-168-GMA
02-049-GMA,24/June/2023,M,,CTRL,3-143-GMA
02-050-GMA,24/January/2023,M,,CTRL,3-100-GMA
02-053-GMA,08/March/2024,F,,CTRL,2-055-GMA 
02-060-GMA,17/July/2024,F,,CTRL,1-043-GMA 
